8,Douglas Bartoletti,https://robohash.org/magniharumnatus.png?size=300x300&set=set1,2017-02-17 00:09:51.588365,2017-02-17 00:09:51.588365
20,Marcia Feeney V,https://robohash.org/repellatlaudantiumet.png?size=300x300&set=set1,2017-02-17 00:33:19.671369,2017-02-17 00:33:19.671369
60,Bessie Donnelly Sr.,https://robohash.org/officiisutquis.png?size=300x300&set=set1,2017-02-17 00:35:45.772889,2017-02-17 00:35:45.772889
1,Ida Dooley Jr.,https://robohash.org/harumaliquideveniet.png?size=300x300&set=set1,2017-02-16 23:53:56.489821,2017-02-16 23:53:56.489821
15,Wilbert Sauer,https://robohash.org/aliquidrerumipsam.png?size=300x300&set=set1,2017-02-17 00:23:49.564674,2017-02-17 00:23:49.564674
25,Meda Grady,https://robohash.org/porrotemporibusexcepturi.png?size=300x300&set=set1,2017-02-17 00:33:38.228695,2017-02-17 00:33:38.228695
63,Kiana Stracke,https://robohash.org/vitaeomniscommodi.png?size=300x300&set=set1,2017-02-17 00:35:55.592388,2017-02-17 00:35:55.592388
82,Arianna Von,https://robohash.org/asperioresoptioaliquam.png?size=300x300&set=set1,2017-02-17 00:37:02.237847,2017-02-17 00:37:02.237847
31,Conor Greenfelder,https://robohash.org/autemettempore.png?size=300x300&set=set1,2017-02-17 00:34:00.559682,2017-02-17 00:34:00.559682
88,Alize Hamill,https://robohash.org/autminimavoluptatem.png?size=300x300&set=set1,2017-02-17 00:37:27.392222,2017-02-17 00:37:27.392222
24,Alessandra Luettgen,https://robohash.org/voluptatumaccusamusvoluptatem.png?size=300x300&set=set1,2017-02-17 00:33:35.561299,2017-02-17 00:33:35.561299
26,Maximillia Lind,https://robohash.org/assumendaiustoalias.png?size=300x300&set=set1,2017-02-17 00:33:41.77922,2017-02-17 00:33:41.77922
33,Augustus Paucek Jr.,https://robohash.org/inquasvoluptatem.png?size=300x300&set=set1,2017-02-17 00:34:08.602687,2017-02-17 00:34:08.602687
79,Ezekiel Crona,https://robohash.org/voluptatibusetinventore.png?size=300x300&set=set1,2017-02-17 00:36:50.365703,2017-02-17 00:36:50.365703
87,Madisyn Jacobi,https://robohash.org/voluptatesporrototam.png?size=300x300&set=set1,2017-02-17 00:37:24.1345,2017-02-17 00:37:24.1345
94,Johnson Stehr,https://robohash.org/corruptiautemducimus.png?size=300x300&set=set1,2017-02-17 00:37:50.293802,2017-02-17 00:37:50.293802
10,Jacinthe Mann,https://robohash.org/exercitationemrepudiandaevel.png?size=300x300&set=set1,2017-02-17 00:13:42.22403,2017-02-17 00:13:42.22403
35,Dr. Salvatore Witting,https://robohash.org/quaslaborumnesciunt.png?size=300x300&set=set1,2017-02-17 00:34:16.766951,2017-02-17 00:34:16.766951
92,Mrs. Irma Mayert,https://robohash.org/iustopossimusipsum.png?size=300x300&set=set1,2017-02-17 00:37:42.491177,2017-02-17 00:37:42.491177
48,Evie Tromp,https://robohash.org/istedolorumquaerat.png?size=300x300&set=set1,2017-02-17 00:35:02.587419,2017-02-17 00:35:02.587419
5,Marlin Schuster,https://robohash.org/consequaturiustoquia.png?size=300x300&set=set1,2017-02-17 00:01:29.316095,2017-02-17 00:01:29.316095
53,Mina Lemke,https://robohash.org/undedoloremqueenim.png?size=300x300&set=set1,2017-02-17 00:35:24.375207,2017-02-17 00:35:24.375207
50,Stefan Feil,https://robohash.org/essenoncupiditate.png?size=300x300&set=set1,2017-02-17 00:35:12.292377,2017-02-17 00:35:12.292377
77,Raegan D'Amore Jr.,https://robohash.org/ipsumutsuscipit.png?size=300x300&set=set1,2017-02-17 00:36:42.005309,2017-02-17 00:36:42.005309
4,Fay Kub,https://robohash.org/quaeratveroqui.png?size=300x300&set=set1,2017-02-16 23:58:40.69008,2017-02-16 23:58:40.69008
7,Shyanne Hansen,https://robohash.org/esteiusaspernatur.png?size=300x300&set=set1,2017-02-17 00:07:03.396224,2017-02-17 00:07:03.396224
14,Lula Lehner DVM,https://robohash.org/distinctioquosodio.png?size=300x300&set=set1,2017-02-17 00:21:59.083239,2017-02-17 00:21:59.083239
54,Garrett Kuphal,https://robohash.org/estadipiscifugit.png?size=300x300&set=set1,2017-02-17 00:35:26.741949,2017-02-17 00:35:26.741949
61,Jessie Wiza,https://robohash.org/providenteumconsequuntur.png?size=300x300&set=set1,2017-02-17 00:35:50.673913,2017-02-17 00:35:50.673913
93,Adelia Hills,https://robohash.org/quidemdelectusomnis.png?size=300x300&set=set1,2017-02-17 00:37:46.741681,2017-02-17 00:37:46.741681
17,Dr. Halie Daugherty,https://robohash.org/quiinciduntenim.png?size=300x300&set=set1,2017-02-17 00:27:28.200212,2017-02-17 00:27:28.200212
51,Erich Moen,https://robohash.org/autcumqui.png?size=300x300&set=set1,2017-02-17 00:35:16.906669,2017-02-17 00:35:16.906669
16,Cary Robel MD,https://robohash.org/doloribuseosea.png?size=300x300&set=set1,2017-02-17 00:26:06.170061,2017-02-17 00:26:06.170061
96,Kenya Grady,https://robohash.org/praesentiumvoluptaslaborum.png?size=300x300&set=set1,2017-02-17 00:37:54.677906,2017-02-17 00:37:54.677906
85,Ellsworth Tremblay,https://robohash.org/nostrumrerumomnis.png?size=300x300&set=set1,2017-02-17 00:37:15.340052,2017-02-17 00:37:15.340052
98,Kayden Macejkovic,https://robohash.org/explicabononsuscipit.png?size=300x300&set=set1,2017-02-17 00:37:59.130389,2017-02-17 00:37:59.130389
36,Eduardo Stracke,https://robohash.org/maioresrerumconsequuntur.png?size=300x300&set=set1,2017-02-17 00:34:21.357001,2017-02-17 00:34:21.357001
84,Fabiola Kuphal,https://robohash.org/idautqui.png?size=300x300&set=set1,2017-02-17 00:37:10.529716,2017-02-17 00:37:10.529716
89,Deron Koss,https://robohash.org/nemoquobeatae.png?size=300x300&set=set1,2017-02-17 00:37:29.959793,2017-02-17 00:37:29.959793
19,Bruce Lubowitz,https://robohash.org/expeditaveniamet.png?size=300x300&set=set1,2017-02-17 00:32:54.968128,2017-02-17 00:32:54.968128
55,Mr. Josephine Dicki,https://robohash.org/quisintsunt.png?size=300x300&set=set1,2017-02-17 00:35:29.13483,2017-02-17 00:35:29.13483
64,Angela Lueilwitz,https://robohash.org/molestiassapientealias.png?size=300x300&set=set1,2017-02-17 00:35:58.426424,2017-02-17 00:35:58.426424
37,Adela Sauer PhD,https://robohash.org/liberoestea.png?size=300x300&set=set1,2017-02-17 00:34:24.207295,2017-02-17 00:34:24.207295
40,Erin Smitham,https://robohash.org/voluptastemporibusveritatis.png?size=300x300&set=set1,2017-02-17 00:34:34.710017,2017-02-17 00:34:34.710017
45,Jonathon Metz,https://robohash.org/harumuteius.png?size=300x300&set=set1,2017-02-17 00:34:51.600166,2017-02-17 00:34:51.600166
65,Darby Stokes,https://robohash.org/exaspernaturut.png?size=300x300&set=set1,2017-02-17 00:36:00.659565,2017-02-17 00:36:00.659565
74,Kaela Schmitt,https://robohash.org/quiculpatempora.png?size=300x300&set=set1,2017-02-17 00:36:31.043727,2017-02-17 00:36:31.043727
3,Nathan Marquardt PhD,https://robohash.org/enimetea.png?size=300x300&set=set1,2017-02-16 23:56:08.66235,2017-02-16 23:56:08.66235
91,Imelda Gaylord,https://robohash.org/velitaliquidcommodi.png?size=300x300&set=set1,2017-02-17 00:37:39.340051,2017-02-17 00:37:39.340051
52,Mr. Moshe O'Connell,https://robohash.org/estlaboriosamrerum.png?size=300x300&set=set1,2017-02-17 00:35:21.376322,2017-02-17 00:35:21.376322
57,Kian Terry,https://robohash.org/iuredelenitisaepe.png?size=300x300&set=set1,2017-02-17 00:35:33.318355,2017-02-17 00:35:33.318355
100,Mrs. Brandon Bailey,https://robohash.org/addolornon.png?size=300x300&set=set1,2017-02-17 00:38:06.436563,2017-02-17 00:38:06.436563
62,Cleo Deckow III,https://robohash.org/nondoloribusdolores.png?size=300x300&set=set1,2017-02-17 00:35:53.484663,2017-02-17 00:35:53.484663
99,Mrs. Alden Jacobs,https://robohash.org/maioresavoluptas.png?size=300x300&set=set1,2017-02-17 00:38:03.539562,2017-02-17 00:38:03.539562
28,Era Konopelski,https://robohash.org/quibusdamofficiisaspernatur.png?size=300x300&set=set1,2017-02-17 00:33:49.706279,2017-02-17 00:33:49.706279
46,Kacey Morissette II,https://robohash.org/quoillumbeatae.png?size=300x300&set=set1,2017-02-17 00:34:54.626729,2017-02-17 00:34:54.626729
97,Melany Wolf,https://robohash.org/enimlaudantiummaxime.png?size=300x300&set=set1,2017-02-17 00:37:56.744948,2017-02-17 00:37:56.744948
6,Miss Julianne Mosciski,https://robohash.org/dictainaut.png?size=300x300&set=set1,2017-02-17 00:04:08.384761,2017-02-17 00:04:08.384761
38,Lauretta Price,https://robohash.org/ideossit.png?size=300x300&set=set1,2017-02-17 00:34:28.276483,2017-02-17 00:34:28.276483
66,Abdul Ruecker,https://robohash.org/necessitatibusmaximenesciunt.png?size=300x300&set=set1,2017-02-17 00:36:06.678701,2017-02-17 00:36:06.678701
71,Allen Blanda,https://robohash.org/quaeratlaborumet.png?size=300x300&set=set1,2017-02-17 00:36:23.424407,2017-02-17 00:36:23.424407
73,Mathias Murazik,https://robohash.org/remofficiisvoluptatem.png?size=300x300&set=set1,2017-02-17 00:36:27.534839,2017-02-17 00:36:27.534839
86,Miss Caterina Kunze,https://robohash.org/illoidofficiis.png?size=300x300&set=set1,2017-02-17 00:37:18.58218,2017-02-17 00:37:18.58218
21,Isobel Rodriguez III,https://robohash.org/utomnisquis.png?size=300x300&set=set1,2017-02-17 00:33:23.833742,2017-02-17 00:33:23.833742
34,Eden Bradtke,https://robohash.org/accusamusatquenam.png?size=300x300&set=set1,2017-02-17 00:34:13.870943,2017-02-17 00:34:13.870943
70,Juliet Dare,https://robohash.org/recusandaeetvoluptatem.png?size=300x300&set=set1,2017-02-17 00:36:20.032689,2017-02-17 00:36:20.032689
39,Myron Littel,https://robohash.org/iurereprehenderitcupiditate.png?size=300x300&set=set1,2017-02-17 00:34:32.801657,2017-02-17 00:34:32.801657
49,Mr. Mohammed Hilpert,https://robohash.org/consequatureosodit.png?size=300x300&set=set1,2017-02-17 00:35:07.155524,2017-02-17 00:35:07.155524
83,Jerad Weimann,https://robohash.org/estvoluptasdoloremque.png?size=300x300&set=set1,2017-02-17 00:37:04.24509,2017-02-17 00:37:04.24509
13,Cleo O'Connell,https://robohash.org/essequiquo.png?size=300x300&set=set1,2017-02-17 00:20:24.742318,2017-02-17 00:20:24.742318
43,Dr. Amalia Metz,https://robohash.org/consequunturpossimussunt.png?size=300x300&set=set1,2017-02-17 00:34:45.814328,2017-02-17 00:34:45.814328
56,Kris Hermiston,https://robohash.org/voluptatemnullasunt.png?size=300x300&set=set1,2017-02-17 00:35:31.201685,2017-02-17 00:35:31.201685
2,Earnestine Deckow,https://robohash.org/voluptatumquipraesentium.png?size=300x300&set=set1,2017-02-16 23:55:11.778809,2017-02-16 23:55:11.778809
32,Dallas Cassin,https://robohash.org/doloremnona.png?size=300x300&set=set1,2017-02-17 00:34:03.836236,2017-02-17 00:34:03.836236
47,Terence Bernhard I,https://robohash.org/minusipsumdelectus.png?size=300x300&set=set1,2017-02-17 00:35:00.036028,2017-02-17 00:35:00.036028
27,Alexandrea Hermann IV,https://robohash.org/etvelitlibero.png?size=300x300&set=set1,2017-02-17 00:33:45.480707,2017-02-17 00:33:45.480707
95,Arlene Cormier,https://robohash.org/vitaeexercitationemitaque.png?size=300x300&set=set1,2017-02-17 00:37:52.61814,2017-02-17 00:37:52.61814
58,Susanna Nolan,https://robohash.org/velitnihilqui.png?size=300x300&set=set1,2017-02-17 00:35:35.70469,2017-02-17 00:35:35.70469
41,Lelah Cummerata,https://robohash.org/iustonequenatus.png?size=300x300&set=set1,2017-02-17 00:34:40.64669,2017-02-17 00:34:40.64669
42,Antone Mills,https://robohash.org/etcorruptivoluptas.png?size=300x300&set=set1,2017-02-17 00:34:42.671965,2017-02-17 00:34:42.671965
9,Rowland Wilkinson,https://robohash.org/quidelectusconsectetur.png?size=300x300&set=set1,2017-02-17 00:11:49.047011,2017-02-17 00:11:49.047011
23,Kirk Kiehn,https://robohash.org/dolormaximenulla.png?size=300x300&set=set1,2017-02-17 00:33:32.310875,2017-02-17 00:33:32.310875
30,Katrine Herman IV,https://robohash.org/dolorumabsunt.png?size=300x300&set=set1,2017-02-17 00:33:57.752092,2017-02-17 00:33:57.752092
76,Dr. Bill Collier,https://robohash.org/sedenimhic.png?size=300x300&set=set1,2017-02-17 00:36:39.01055,2017-02-17 00:36:39.01055
80,Jedidiah Casper,https://robohash.org/velasperioresveniam.png?size=300x300&set=set1,2017-02-17 00:36:55.050852,2017-02-17 00:36:55.050852
81,Karson Sipes,https://robohash.org/utporrotempore.png?size=300x300&set=set1,2017-02-17 00:36:59.927946,2017-02-17 00:36:59.927946
90,Mavis Bergnaum DVM,https://robohash.org/sedvoluptatesrepellat.png?size=300x300&set=set1,2017-02-17 00:37:34.646146,2017-02-17 00:37:34.646146
22,Dr. Nico Rohan,https://robohash.org/exercitationemtemporaest.png?size=300x300&set=set1,2017-02-17 00:33:27.867077,2017-02-17 00:33:27.867077
59,Deron Denesik,https://robohash.org/rerumcorruptinumquam.png?size=300x300&set=set1,2017-02-17 00:35:40.921579,2017-02-17 00:35:40.921579
72,Nicolette Stiedemann,https://robohash.org/providentquasioccaecati.png?size=300x300&set=set1,2017-02-17 00:36:25.188032,2017-02-17 00:36:25.188032
11,Alfreda Bauch,https://robohash.org/totamomnisab.png?size=300x300&set=set1,2017-02-17 00:14:45.531003,2017-02-17 00:14:45.531003
12,Amely Gerhold,https://robohash.org/quoquisdicta.png?size=300x300&set=set1,2017-02-17 00:17:44.064291,2017-02-17 00:17:44.064291
29,Lorenzo Hagenes,https://robohash.org/sequienimenim.png?size=300x300&set=set1,2017-02-17 00:33:54.391028,2017-02-17 00:33:54.391028
69,Miss Tania Lind,https://robohash.org/utautemincidunt.png?size=300x300&set=set1,2017-02-17 00:36:18.061192,2017-02-17 00:36:18.061192
78,Torey Harber,https://robohash.org/estsuntofficia.png?size=300x300&set=set1,2017-02-17 00:36:46.900952,2017-02-17 00:36:46.900952
18,Lester VonRueden,https://robohash.org/dolorevoluptatemrerum.png?size=300x300&set=set1,2017-02-17 00:29:29.296011,2017-02-17 00:29:29.296011
44,Delores Fadel II,https://robohash.org/voluptasiuremagnam.png?size=300x300&set=set1,2017-02-17 00:34:49.590052,2017-02-17 00:34:49.590052
67,Austyn McDermott,https://robohash.org/doloribusquissunt.png?size=300x300&set=set1,2017-02-17 00:36:11.398223,2017-02-17 00:36:11.398223
68,Marlen Nitzsche,https://robohash.org/quoaliasanimi.png?size=300x300&set=set1,2017-02-17 00:36:14.53331,2017-02-17 00:36:14.53331
75,Loyce Langosh,https://robohash.org/doloremquoin.png?size=300x300&set=set1,2017-02-17 00:36:35.13554,2017-02-17 00:36:35.13554
